Gymnasium Johanneum Ostbevern,Stundenplan 2020/21,,,,,,,Untis 2021
"D-48346, Loburg 15",,,,,,,,16.8.2021 14:51
,,,5a / Blö/Flo,,,,,
Mo-1,,,M,Kr,1.02,,,
Mo-2,,,M,Kr,1.02,,,
Mo-3,,,D,Flo,1.02,,,
Mo-4,,,D,Flo,1.02,,,
Mo-5,,,SP,Blö,H3,,,
Mo-6,,,KU,Gan,7.11,,,
Mo-7,,,,,,,,
Mo-8,,,,,,,,
Mo-9,,,,,,,,
Di-1,,,E5,Bc,1.02,,,
Di-2,,,E5,Bc,1.02,,,
Di-3,,,BI,Blö,8.04,,,
Di-4,,,KU,Gan,7.11,,,
Di-5,Messe,KlB,KiRa,KL,Blö,1.02,Messe,Frö
Di-6,,,Mitta,Hm,1.02,,,
Di-7,,,LZ,Sp,1.02,,,
Di-8,,,M,Kr,1.02,,,
Di-9,,,M,Kr,1.02,,,
Mi-1,KR,,Na,1.02,ER,Schr,3.12,
Mi-2,KR,,Na,1.02,ER,Schr,3.12,
Mi-3,,,LZ,Bau,1.02,,,
Mi-4,Inf,,Sli,6.03,Inf,Bau,6.04,
Mi-5,DP,,Flo,1.02,LRS 1,Wi,1.06,
Mi-6,,,Mitta,Wer,1.02,,,
Mi-7,Chor,,Sp,Aula,AG,Sr,S11,
Mi-8,,,D,Flo,1.02,,,
Mi-9,,,E5,Bc,1.02,,,
Do-1,,,SP,Blö,H2,,,
Do-2,,,SP,Blö,H2,,,
Do-3,,,EK,Wer,1.02,,,
Do-4,,,EK,Wer,1.02,,,
Do-5,,,M,Kr,1.02,,,
Do-6,,,Mitta,Bc,1.02,,,
Do-7,,,LZ,Pf,1.02,,,
Do-8,,,E5,Bc,1.02,,,
Do-9,,,sozL,Blö,1.02,,,
Fr-1,,,MU,Ku,MuRa,,,
Fr-2,,,MU,Ku,MuRa,,,
Fr-3,,,D,Flo,1.02,,,
Fr-4,,,D,Flo,1.02,,,
Fr-5,,,E5,Bc,1.02,,,
Fr-6,,,BI,Blö,8.02,,,
Fr-7,,,,,,,,
Fr-8,,,,,,,,
Fr-9,,,,,,,,
,,,Stundenplan21_22neu,,,,,
Gymnasium Johanneum Ostbevern,Stundenplan 2020/21,,,,,Untis 2021
"D-48346, Loburg 15",,,,,,16.8.2021 14:51
,,5b /FiBä,,,,
Mo-1,,D,Stg,1.05,,
Mo-2,,E5,Bä,1.05,,
Mo-3,,M,Kna,1.05,,
Mo-4,,M,Kna,1.05,,
Mo-5,inf,Sli,6.03,inf,Ah,6.04
Mo-6,,SP,Lü,H1,,
Mo-7,,,,,,
Mo-8,,,,,,
Mo-9,,,,,,
Di-1,,BI,Sun,8.04,,
Di-2,,BI,Sun,8.04,,
Di-3,,D,Stg,1.05,,
Di-4,,LZ,Fi,1.05,,
Di-5,,E5bil,Bä,1.05,,
Di-6,,Mitta,Fi,1.05,,
Di-7,,MU,Fi,MuRa,,
Di-8,,M,Kna,1.05,,
Di-9,,sozL,Bä,1.05,,
Mi-1,KR,Fi,1.05,ER,Schr,3.12
Mi-2,KR,Fi,1.05,ER,Schr,3.12
Mi-3,,SP,Lü,H1,,
Mi-4,,SP,Lü,H1,,
Mi-5,DP,Stg,1.05,LRS 1,Wi,1.06
Mi-6,,Mitta,Bä,1.05,,
Mi-7,Chor,Sp,Aula,AG,Sr,S11
Mi-8,,D,Stg,1.05,,
Mi-9,,E5,Bä,1.05,,
Do-1,,D,Stg,1.05,,
Do-2,,D,Stg,1.05,,
Do-3,,EK,Al,1.05,,
Do-4,,EK,Al,1.05,,
Do-5,,MU,Fi,MuRa,,
Do-6,,Mitta,Ah,1.05,,
Do-7,,LZ,Sun,1.05,,
Do-8,,E5,Bä,1.05,,
Do-9,,M,Kna,1.05,,
Fr-1,,E5,Bä,1.05,,
Fr-2,,E5,Bä,1.05,,
Fr-3,,KU,Bg,7.11,,
Fr-4,,KU,Bg,7.11,,
Fr-5,,M,Kna,1.05,,
Fr-6,,LZ,Fi,1.05,,
Fr-7,,,,,,
Fr-8,,,,,,
Fr-9,,,,,,
,,Stundenplan21_22neu,,,,
Gymnasium Johanneum Ostbevern,Stundenplan 2020/21,,,,,Untis 2021
"D-48346, Loburg 15",,,,,,16.8.2021 14:51
,,5c / Bk/Fo,,,,
Mo-1,,EK,Wer,1.04,,
Mo-2,,D,Bk,1.04,,
Mo-3,,MU,Frö,MuRa,,
Mo-4,,E5,Jun,1.04,,
Mo-5,,LZ,Th,1.04,,
Mo-6,Inf,Fo,6.03,Inf,Bau,6.04
Mo-7,,,,,,
Mo-8,,,,,,
Mo-9,,,,,,
Di-1,,M,Fo,1.04,,
Di-2,,M,Fo,1.04,,
Di-3,,E5,Jun,1.04,,
Di-4,,E5,Jun,1.04,,
Di-5,,KL,Fo,1.04,,
Di-6,,Mitta,Rak,1.04,,
Di-7,,LZ,Wi,1.04,,
Di-8,,D,Bk,1.04,,
Di-9,,sozL,Bk,1.04,,
Mi-1,KR,San,1.04,ER,Schr,3.12
Mi-2,KR,San,1.04,ER,Schr,3.12
Mi-3,,KU,Rak,7.11,,
Mi-4,,KU,Rak,7.11,,
Mi-5,DP,Bk,1.04,LRS 1,Wi,1.06
Mi-6,,Mitta,Frö,1.04,,
Mi-7,Chor,Sp,Aula,AG,Sr,S11
Mi-8,,MU,Frö,MuRa,,
Mi-9,,D,Bk,1.04,,
Do-1,,M,Fo,1.04,,
Do-2,,M,Fo,1.04,,
Do-3,,SP,Th,H3,,
Do-4,,SP,Th,H3,,
Do-5,,EK,Wer,1.04,,
Do-6,,Mitta,Jun,1.04,,
Do-7,,LZ,Wer,1.04,,
Do-8,,E5,Jun,1.04,,
Do-9,,E5,Jun,1.04,,
Fr-1,,BI,Sad,8.05,,
Fr-2,,BI,Sad,8.05,,
Fr-3,,D,Bk,1.04,,
Fr-4,,D,Bk,1.04,,
Fr-5,,SP,Th,H2,,
Fr-6,,M,Fo,1.04,,
Fr-7,,,,,,
Fr-8,,,,,,
Fr-9,,,,,,
,,Stundenplan21_22neu,,,,
Gymnasium Johanneum Ostbevern,Stundenplan 2020/21,,,,,,,,,,,Untis 2021
"D-48346, Loburg 15",,,,,,,,,,,,16.8.2021 14:51
,,,,,6a/ Sp/Lü,,,,,,,
Mo-1,,,,,BI,Su,8.02,,,,,
Mo-2,,,,,BI,Su,8.02,,,,,
Mo-3,,,KR,,KsK,2.04,ER,Fm,3.05,,,
Mo-4,,,KR,,KsK,2.04,ER,Fm,3.05,,,
Mo-5,,,,,LZ,Dre,2.04,,,,,
Mo-6,,,,,M,Ra,2.04,,,,,
Mo-7,,,,,,,,,,,,
Mo-8,,,,,,,,,,,,
Mo-9,,,,,,,,,,,,
Di-1,,,,,PK,Sche,2.04,,,,,
Di-2,,,,,PK,Sche,2.04,,,,,
Di-3,,,,,GE,Dre,2.04,,,,,
Di-4,,,,,GE,Dre,2.04,,,,,
Di-5,,,,,SP,Sad,Bad,,,,,
Di-6,,,,,SP,Sad,Bad,,,,,
Di-7,,,,,,,,,,,,
Di-8,,,,,M,Ra,2.04,,,,,
Di-9,,,,,E5,Sp,2.04,,,,,
Mi-1,,,,,D,Lü,2.04,,,,,
Mi-2,,,,,D,Lü,2.04,,,,,
Mi-3,,,,,M,Ra,2.04,,,,,
Mi-4,,,,,M,Ra,2.04,,,,,
Mi-5,,,,,LZ,De,2.04,,,,,
Mi-6,Chor,Hm,Aula,LRS,Kru,1.06,kuAG,Mus,7.11,sport,Pf,H3
Mi-7,,,,,,,,,,,,
Mi-8,,,,,E5,Sp,2.04,,,,,
Mi-9,,,,,sozL,Sp,2.04,,,,,
Do-1,,,,,D,Lü,2.04,,,,,
Do-2,,,,,D,Lü,2.04,,,,,
Do-3,,,,,E5,Sp,2.04,,,,,
Do-4,,,,,LZ,Sp,2.04,,,,,
Do-5,,,,,PH,Fw,8.07,,,,,
Do-6,,,,,PH,Fw,8.07,,,,,
Do-7,,,,,,,,,,,,
Do-8,,,,,KU,Bg,7.11,,,,,
Do-9,,,,,KU,Bg,7.11,,,,,
Fr-1,,,,,E5,Sp,2.04,,,,,
Fr-2,,,,,E5,Sp,2.04,,,,,
Fr-3,,,,,SP,Sad,H3,,,,,
Fr-4,,,,,SP,Sad,H3,,,,,
Fr-5,,,,,Inf,Sli,6.04,,,,,
Fr-6,,,,,M,Ra,2.04,,,,,
Fr-7,,,,,,,,,,,,
Fr-8,,,,,,,,,,,,
Fr-9,,,,,,,,,,,,
,,,,,Stundenplan21_22neu,,,,,,,
Gymnasium Johanneum Ostbevern,Stundenplan 2020/21,,,,,,,,,,,Untis 2021
"D-48346, Loburg 15",,,,,,,,,,,,16.8.2021 14:51
,,,,,6b/ Ul/Her,,,,,,,
Mo-1,,,,,E5,Ul,2.05,,,,,
Mo-2,,,,,LZ,Ul,2.05,,,,,
Mo-3,,,KR,St,2.05,ER,Fm,3.05,,,,
Mo-4,,,KR,St,2.05,ER,Fm,3.05,,,,
Mo-5,,,,,MU,Fi,MuRa,,,,,
Mo-6,,,,,MU,Fi,MuRa,,,,,
Mo-7,,,,,,,,,,,,
Mo-8,,,,,,,,,,,,
Mo-9,,,,,,,,,,,,
Di-1,,,,,M,Fw,2.05,,,,,
Di-2,,,,,M,Fw,2.05,,,,,
Di-3,,,,,D,Her,3.04,,,,,
Di-4,,,,,D,Her,3.01,,,,,
Di-5,,,,,SP,Wan,H1,,,,,
Di-6,,,,,SP,Wan,H1,,,,,
Di-7,,,,,,,,,,,,
Di-8,,,,,E5,Ul,2.05,,,,,
Di-9,,,,,E5,Ul,2.05,,,,,
Mi-1,,,,,SP,Wan,H2,,,,,
Mi-2,,,,,SP,Wan,H2,,,,,
Mi-3,,,,,D,Her,3.15,,,,,
Mi-4,,,,,D,Her,3.07,,,,,
Mi-5,,,,,M,Fw,2.05,,,,,
Mi-6,Chor,Hm,Aula,LRS,Kru,1.06,kuAG,Mus,7.11,sport,Pf,H3
Mi-7,,,,,,,,,,,,
Mi-8,,,,,PK,Sth,2.05,,,,,
Mi-9,,,,,sozL,Ul,2.05,,,,,
Do-1,,,,,E5,Ul,2.05,,,,,
Do-2,,,,,E5,Ul,2.05,,,,,
Do-3,,,,,PH,Fi,8.1,,,,,
Do-4,,,,,PH,Fi,8.1,,,,,
Do-5,,,,,Inf,Ah,6.04,,,,,
Do-6,,,,,LZ,Her,2.05,,,,,
Do-7,,,,,,,,,,,,
Do-8,,,,,GE,Her,2.05,,,,,
Do-9,,,,,GE,Her,2.05,,,,,
Fr-1,,,,,BI,Pi,8.1,,,,,
Fr-2,,,,,BI,Pi,8.1,,,,,
Fr-3,,,,,PK,Sth,2.05,,,,,
Fr-4,,,,,LZ,Ah,2.05,,,,,
Fr-5,,,,,M,Fw,2.05,,,,,
Fr-6,,,,,M,Fw,2.05,,,,,
Fr-7,,,,,,,,,,,,
Fr-8,,,,,,,,,,,,
Fr-9,,,,,,,,,,,,
,,,,,Stundenplan21_22neu,,,,,,,
Gymnasium Johanneum Ostbevern,Stundenplan 2020/21,,,,,,,,,,,Untis 2021
"D-48346, Loburg 15",,,,,,,,,,,,16.8.2021 14:51
,,,,,6c/ Dr/Hm,,,,,,,
Mo-1,,,,,MU,Hm,MuRa,,,,,
Mo-2,,,,,MU,Hm,MuRa,,,,,
Mo-3,,,KR,Hm,2.01,ER,Fm,3.05,,,,
Mo-4,,,KR,Hm,2.01,ER,Fm,3.05,,,,
Mo-5,,,,,LZ,Dr,2.01,,,,,
Mo-6,,,,,PK,Dun,2.01,,,,,
Mo-7,,,,,,,,,,,,
Mo-8,,,,,,,,,,,,
Mo-9,,,,,,,,,,,,
Di-1,,,,,E5,Dr,2.01,,,,,
Di-2,,,,,E5,Dr,2.01,,,,,
Di-3,,,,,M,Fo,2.01,,,,,
Di-4,,,,,M,Fo,2.01,,,,,
Di-5,,,,,SP,Sr,H3,,,,,
Di-6,,,,,SP,Sr,H3,,,,,
Di-7,,,,,,,,,,,,
Di-8,,,,,sozL,Hm,2.01,,,,,
Di-9,,,,,PK,Dun,2.01,,,,,
Mi-1,,,,,SP,Sr,H1,,,,,
Mi-2,,,,,SP,Sr,H1,,,,,
Mi-3,,,,,Inf,Fo,6.03,,,,,
Mi-4,,,,,M,Fo,2.01,,,,,
Mi-5,,,,,LZ,Hm,2.01,,,,,
Mi-6,Chor,Hm,Aula,LRS,Kru,1.06,kuAG,Mus,7.11,sport,Pf,H3
Mi-7,,,,,,,,,,,,
Mi-8,,,,,D,Pf,2.01,,,,,
Mi-9,,,,,E5,Dr,2.01,,,,,
Do-1,,,,,D,Pf,2.01,,,,,
Do-2,,,,,D,Pf,2.01,,,,,
Do-3,,,,,KU,Rak,7.11,,,,,
Do-4,,,,,KU,Rak,7.11,,,,,
Do-5,,,,,E5,Dr,2.01,,,,,
Do-6,,,,,E5,Dr,2.01,,,,,
Do-7,,,,,,,,,,,,
Do-8,,,,,PH,So,8.09,,,,,
Do-9,,,,,PH,So,8.09,,,,,
Fr-1,,,,,GE,Dr,2.01,,,,,
Fr-2,,,,,GE,Dr,2.01,,,,,
Fr-3,,,,,M,Fo,2.01,,,,,
Fr-4,,,,,M,Fo,2.01,,,,,
Fr-5,,,,,LZ,Na,2.01,,,,,
Fr-6,,,,,D,Pf,2.01,,,,,
Fr-7,,,,,,,,,,,,
Fr-8,,,,,,,,,,,,
Fr-9,,,,,,,,,,,,
,,,,,Stundenplan21_22neu,,,,,,,
Gymnasium Johanneum Ostbevern,Stundenplan 2020/21,,,,,,,,,,,Untis 2021
"D-48346, Loburg 15",,,,,,,,,,,,16.8.2021 14:51
,,,,,7a / Me/KlB,,,,,,,
Mo-1,,,,,D,Lü,3.01,,,,,
Mo-2,,,,,D,Lü,3.01,,,,,
Mo-3,,,,,M,Me,3.01,,,,,
Mo-4,,,,,M,Me,3.01,,,,,
Mo-5,,,,,KU,Rak,7.11,,,,,
Mo-6,,,,,LZ,Dre,3.01,,,,,
Mo-7,,,,,,,,,,,,
Mo-8,,,,,,,,,,,,
Mo-9,,,,,,,,,,,,
Di-1,,,,,PK,Sth,3.01,,,,,
Di-2,,,,,PK,Sth,3.01,,,,,
Di-3,,,,,KU,Rak,7.11,,,,,
Di-4,,,,,SP,Wan,H3,,,,,
Di-5,,,,,LZ,Rak,3.01,,,,,
Di-6,,,,,,,,,,,,
Di-7,,,,,EK,KlB,3.01,,,,,
Di-8,,,,,sozL,KlB,3.01,,,,,
Di-9,,,,,M,Me,3.01,,,,,
Mi-1,,,,,E5,Dr,3.01,,,,,
Mi-2,,,,,E5,Dr,3.01,,,,,
Mi-3,,,,,CH,Tp,8.02,,,,,
Mi-4,,,,,CH,Tp,8.02,,,,,
Mi-5,,,,,EK,KlB,3.01,,,,,
Mi-6,,,,,,,,,,,,
Mi-7,,,,,LZ,Bg,3.01,,,,,
Mi-8,L7a,KsK,3.05,L7b,Bm,3.24,F7a,Lac,3.06,F7b,Vs,3.01
Mi-9,,,,,D,Lü,3.01,,,,,
Do-1,L7a,KsK,3.01,L7b,Bm,3.24,F7a,Lac,3.06,F7b,Vs,1.02
Do-2,L7a,KsK,3.01,L7b,Bm,3.24,F7a,Lac,3.06,F7b,Vs,1.02
Do-3,,,,,MU,Ku,MuRa,,,,,
Do-4,,,,,MU,Ku,MuRa,,,,,
Do-5,,,,,SP,Wan,Bad,,,,,
Do-6,,,,,SP,Wan,Bad,,,,,
Do-7,,,,,,,,,,,,
Do-8,,,,KR,KlB,3.01,ER,Fm,3.13,,,
Do-9,,,,KR,KlB,3.01,ER,Fm,7.07,,,
Fr-1,,,,,M,Me,3.01,,,,,
Fr-2,L7a,KsK,3.04,L7b,Bm,3.24,F7a,Lac,3.06,F7b,Vs,1.02
Fr-3,,,,,E5,Dr,3.01,,,,,
Fr-4,,,,,E5,Dr,3.01,,,,,
Fr-5,,,,,D,Lü,3.01,,,,,
Fr-6,,,,,D,Lü,3.01,,,,,
Fr-7,,,,,,,,,,,,
Fr-8,,,,,,,,,,,,
Fr-9,,,,,,,,,,,,
,,,,,Stundenplan21_22neu,,,,,,,
Gymnasium Johanneum Ostbevern,Stundenplan 2020/21,,,,,,,,,,,Untis 2021
"D-48346, Loburg 15",,,,,,,,,,,,16.8.2021 14:51
,,,,,7b / St/Th,,,,,,,
Mo-1,,,,,M,Th,3.24,,,,,
Mo-2,,,,,M,Th,3.24,,,,,
Mo-3,,,,,D,Eng,3.24,,,,,
Mo-4,,,,,D,Eng,3.24,,,,,
Mo-5,,,,,LZ,Eng,3.24,,,,,
Mo-6,,,,,E5,St,3.24,,,,,
Mo-7,,,,,,,,,,,,
Mo-8,,,,,,,,,,,,
Mo-9,,,,,,,,,,,,
Di-1,,,,,MU,Ku,MuRa,,,,,
Di-2,,,,,MU,Ku,MuRa,,,,,
Di-3,,,,,PK,Wei,3.24,,,,,
Di-4,,,,,PK,Wei,3.24,,,,,
Di-5,,,,,CH,Pi,8.04,,,,,
Di-6,,,,,,,,,,,,
Di-7,,,,,LZEKB,Dun,3.24,,,,,
Di-8,,,,,SP,Th,H2,,,,,
Di-9,,,,,SP,Th,H2,,,,,
Mi-1,,,,,KU,Bg,7.09,,,,,
Mi-2,,,,,KU,Bg,7.09,,,,,
Mi-3,,,,,E5,St,3.24,,,,,
Mi-4,,,,,E5,St,3.24,,,,,
Mi-5,,,,,D,Eng,3.24,,,,,
Mi-6,,,,,,,,,,,,
Mi-7,,,,,SP,Th,H1,,,,,
Mi-8,L7a,KsK,3.05,L7b,Bm,3.24,F7a,Lac,3.06,F7b,Vs,3.01
Mi-9,,,,,sozL,St,3.24,,,,,
Do-1,L7a,KsK,3.01,L7b,Bm,3.24,F7a,Lac,3.06,F7b,Vs,1.02
Do-2,L7a,KsK,3.01,L7b,Bm,3.24,F7a,Lac,3.06,F7b,Vs,1.02
Do-3,,,,,D,Eng,3.24,,,,,
Do-4,,,,,CH,Pi,8.04,,,,,
Do-5,,,,,M,Th,3.24,,,,,
Do-6,,,,,M,Th,3.24,,,,,
Do-7,,,,,,,,,,,,
Do-8,,,,KR,KsK,3.24,ER,Fm,3.13,,,
Do-9,,,,KR,KsK,3.24,ER,Fm,7.07,,,
Fr-1,,,,,E5,St,3.24,,,,,
Fr-2,L7a,KsK,3.04,L7b,Bm,3.24,F7a,Lac,3.06,F7b,Vs,1.02
Fr-3,,,,,EKbil,Ho,3.24,,,,,
Fr-4,,,,,EKbil,Ho,3.24,,,,,
Fr-5,,,,,D,Eng,3.24,,,,,
Fr-6,,,,,LZ,Ker,6.02,,,,,
Fr-7,,,,,,,,,,,,
Fr-8,,,,,,,,,,,,
Fr-9,,,,,,,,,,,,
,,,,,Stundenplan21_22neu,,,,,,,
Gymnasium Johanneum Ostbevern,Stundenplan 2020/21,,,,,,,,,,,Untis 2021
"D-48346, Loburg 15",,,,,,,,,,,,16.8.2021 14:51
,,,,,7c / Bo/Schö,,,,,,,
Mo-1,,,,,M,Schö,3.06,,,,,
Mo-2,,,,,M,Schö,3.06,,,,,
Mo-3,,,,,E5,Gi,3.06,,,,,
Mo-4,,,,,E5,Gi,3.06,,,,,
Mo-5,,,,,D,Kru,3.06,,,,,
Mo-6,,,,,D,Kru,3.06,,,,,
Mo-7,,,,,,,,,,,,
Mo-8,,,,,,,,,,,,
Mo-9,,,,,,,,,,,,
Di-1,,,,,M,Schö,3.06,,,,,
Di-2,,,,,M,Schö,3.06,,,,,
Di-3,,,,,D,Kru,3.06,,,,,
Di-4,,,,,D,Kru,3.06,,,,,
Di-5,,,,,LZ,Kru,3.06,,,,,
Di-6,,,,,,,,,,,,
Di-7,,,,,PK,Sche,3.06,,,,,
Di-8,,,,,KU,Mus,7.11,,,,,
Di-9,,,,,KU,Mus,7.11,,,,,
Mi-1,,,,,MU,Frö,MuRa,,,,,
Mi-2,,,,,MU,Frö,MuRa,,,,,
Mi-3,,,,,PK,Sche,3.06,,,,,
Mi-4,,,,,D,Kru,3.06,,,,,
Mi-5,,,,,SP,Blö,H1,,,,,
Mi-6,,,,,,,,,,,,
Mi-7,,,,,LZ,Sche,3.06,,,,,
Mi-8,L7a,KsK,3.05,L7b,Bm,3.24,F7a,Lac,3.06,F7b,Vs,3.01
Mi-9,,,,,sozL,Schö,3.06,,,,,
Do-1,L7a,KsK,3.01,L7b,Bm,3.24,F7a,Lac,3.06,F7b,Vs,1.02
Do-2,L7a,KsK,3.01,L7b,Bm,3.24,F7a,Lac,3.06,F7b,Vs,1.02
Do-3,,,,,EK,Schö,3.06,,,,,
Do-4,,,,,LZ,Schö,3.06,,,,,
Do-5,,,,,SP,Blö,H1,,,,,
Do-6,,,,,SP,Blö,H1,,,,,
Do-7,,,,,,,,,,,,
Do-8,,,,KR,Flo,3.06,ER,Fm,3.13,,,
Do-9,,,,KR,Flo,3.06,ER,Fm,7.07,,,
Fr-1,,,,,EK,Schö,3.06,,,,,
Fr-2,L7a,KsK,3.04,L7b,Bm,3.24,F7a,Lac,3.06,F7b,Vs,1.02
Fr-3,,,,,CH,Bo,8.02,,,,,
Fr-4,,,,,CH,Bo,8.02,,,,,
Fr-5,,,,,E5,Gi,3.06,,,,,
Fr-6,,,,,E5,Gi,3.06,,,,,
Fr-7,,,,,,,,,,,,
Fr-8,,,,,,,,,,,,
Fr-9,,,,,,,,,,,,
,,,,,Stundenplan21_22neu,,,,,,,
Gymnasium Johanneum Ostbevern,,Stundenplan 2020/21,,,,,,,,,,,,,,,,Untis 2021,,
"D-48346, Loburg 15",,,,,,,,,,,,,,,,,,16.8.2021 14:51,,
,,,,,,,,,8a Kr/Sr,,,,,,,,,,,
Mo-1,,,,,,,,,E5,Bau,3.03,,,,,,,,,
Mo-2,,,,,,,,,E5,Bau,3.03,,,,,,,,,
Mo-3,,,,,,,,,KU,Gan,7.09,,,,,,,,,
Mo-4,,,,,,,,,KU,Gan,7.09,,,,,,,,,
Mo-5,,,,LZJA,Bm,3.03,LZJB,Gh,3.11,spMB,Bk,H2,spMA,Sad,H1,,,,,
Mo-6,,,,,,,,D,,Sr,3.03,,,,,,,,,
Mo-7,,,,,,,,,,,,,,,,,,,,
Mo-8,,,,,,,,,,,,,,,,,,,,
Mo-9,,,,,,,,,,,,,,,,,,,,
Di-1,,,,phMA,Ah,8.07,phMB,Me,8.09,spJA,Sr,H1,spJB,Stü,H2,,,,,
Di-2,,,,phMA,Ah,8.07,phMB,Me,8.09,spJA,Sr,H1,spJB,Stü,H2,,,,,
Di-3,,,,spMA,Sad,H1,spMB,Bk,H2,phJA,So,8.09,phJB,Fw,8.07,,,,,
Di-4,,,,spMA,Sad,H1,spMB,Bk,H2,phJA,So,8.09,phJB,Fw,8.07,,,,,
Di-5,,,,,,,,,E5,Bau,3.03,,,,,,,,,
Di-6,,,,,,,,,,,,,,,,,,,,
Di-7,Förde,X,LZ 1,Fm,3.03,LZ 1,Na,3.11,LZoff,Ker,3.22,Mathe,Ra,6.02,Deuts,Frö,3.13,Fplus,Bau,3.14
,Lplus,Bi,3.15,Progr,Ah,6.03,Schül,Her,SInf,Schul,Jun,3.27,,,,,,,,
Di-8,,,,L6A,Bm,3.03,L6B,Wan,3.23,F6A,Gh,3.22,F6B,Vs,7.07,,,,,
Di-9,,,,L6A,Bm,3.03,L6B,Wan,3.23,F6A,Gh,3.22,F6B,Vs,7.07,,,,,
Mi-1,,,,,,,,BI,,Sun,8.1,,,,,,,,,
Mi-2,,,,,,,,BI,,Sun,8.1,,,,,,,,,
Mi-3,,,,,,,,,CH,Kna,8.04,,,,,,,,,
Mi-4,,,,,,,,,CH,Kna,8.04,,,,,,,,,
Mi-5,,,,,,,,M,,Kr,3.03,,,,,,,,,
Mi-6,,,,,,,,,,,,,,,,,,,,
Mi-7,Förde,X,LZ 2a,Gi,3.03,LZ 2,Bä,3.11,LZ of,Rak,3.22,LZ of,Schr,6.02,Mathe,San,2.02,E plu,Na,3.14
,E plu,Bau,3.15,TT 2,Ra,H3,kuP2,Mus,7.09,chemi,Su,8.04,,,,,,,,
Mi-8,,,,,,,,,GE,Ker,3.03,,,,,,,,,
Mi-9,,,,,,,,,GE,Ker,3.03,,,,,,,,,
Do-1,,,,,,,,,CH,Kna,8.04,,,,,,,,,
Do-2,,,,,,,,,CH,Kna,8.04,,,,,,,,,
Do-3,,,,L6A,Bm,3.03,L6B,Wan,3.23,F6A,Gh,3.22,F6B,Vs,7.07,,,,,
Do-4,,,,L6A,Bm,3.03,L6B,Wan,3.23,F6A,Gh,3.22,F6B,Vs,7.07,,,,,
Do-5,,,,,,,,,E5,Bau,3.03,,,,,,,,,
Do-6,,,,,,,,,,,,,,,,,,,,
Do-7,,,,spJA,Sr,H1,spJB,Stü,H2,LZMA,Brb,3.03,LZMB,Wi,3.11,,,,,
Do-8,,,,,,,KR,Bi,3.03,ER,Schr,1.03,,,,,,,,
Do-9,,,,,,,KR,Bi,3.03,ER,Schr,1.03,,,,,,,,
Fr-1,,,,,,,,D,,Sr,3.03,,,,,,,,,
Fr-2,,,,,,,,D,,Sr,3.03,,,,,,,,,
Fr-3,,,,,,,,M,,Kr,3.03,,,,,,,,,
Fr-4,,,,,,,,M,,Kr,3.03,,,,,,,,,
Fr-5,,,,LZJA,Bm,3.03,LZJB,Gh,3.11,spMB,Bk,H3,spMA,Sad,H1,,,,,
Fr-6,,,,spJA,Sr,H1,spJB,Stü,H2,LZMA,Brb,3.03,LZMB,Wi,3.11,,,,,
Fr-7,,,,,,,,,,,,,,,,,,,,
Fr-8,,,,,,,,,,,,,,,,,,,,
Fr-9,,,,,,,,,,,,,,,,,,,,
,,,,,,,,Stundenplan21_22neu,,,,,,,,,,,,
Gymnasium Johanneum Ostbevern,,Stundenplan 2020/21,,,,,,,,,,,,,,,,Untis 2021,,
"D-48346, Loburg 15",,,,,,,,,,,,,,,,,,16.8.2021 14:51,,
,,,,,,,,8bWeb/Dr. Pickel,,,,,,,,,,,,
Mo-1,,,,,,,,,GeBil,Web,3.11,,,,,,,,,
Mo-2,,,,,,,,,GeBil,Web,3.11,,,,,,,,,
Mo-3,,,,,,,,,E5,Web,3.11,,,,,,,,,
Mo-4,,,,,,,,,E5,Web,3.11,,,,,,,,,
Mo-5,,,,LZJA,Bm,3.03,LZJB,Gh,3.11,spMB,Bk,H2,spMA,Sad,H1,,,,,
Mo-6,,,,,,,,,CH,Pi,8.04,,,,,,,,,
Mo-7,,,,,,,,,,,,,,,,,,,,
Mo-8,,,,,,,,,,,,,,,,,,,,
Mo-9,,,,,,,,,,,,,,,,,,,,
Di-1,,,,phMA,Ah,8.07,phMB,Me,8.09,spJA,Sr,H1,spJB,Stü,H2,,,,,
Di-2,,,,phMA,Ah,8.07,phMB,Me,8.09,spJA,Sr,H1,spJB,Stü,H2,,,,,
Di-3,,,,spMA,Sad,H1,spMB,Bk,H2,phJA,So,8.09,phJB,Fw,8.07,,,,,
Di-4,,,,spMA,Sad,H1,spMB,Bk,H2,phJA,So,8.09,phJB,Fw,8.07,,,,,
Di-5,,,,,,,,D,,Wi,3.11,,,,,,,,,
Di-6,,,,,,,,,,,,,,,,,,,,
Di-7,Förde,X,LZ 1,Fm,3.03,LZ 1,Na,3.11,LZoff,Ker,3.22,Mathe,Ra,6.02,Deuts,Frö,3.13,Fplus,Bau,3.14
,Lplus,Bi,3.15,Progr,Ah,6.03,Schül,Her,SInf,Schul,Jun,3.27,,,,,,,,
Di-8,,,,L6A,Bm,3.03,L6B,Wan,3.23,F6A,Gh,3.22,F6B,Vs,7.07,,,,,
Di-9,,,,L6A,Bm,3.03,L6B,Wan,3.23,F6A,Gh,3.22,F6B,Vs,7.07,,,,,
Mi-1,,,,,,,,,KU,Mus,7.11,,,,,,,,,
Mi-2,,,,,,,,,KU,Mus,7.11,,,,,,,,,
Mi-3,,,,,,,,BI,,Sad,8.1,,,,,,,,,
Mi-4,,,,,,,,BI,,Sad,8.1,,,,,,,,,
Mi-5,,,,,,,,M,,San,3.11,,,,,,,,,
Mi-6,,,,,,,,,,,,,,,,,,,,
Mi-7,Förde,X,LZ 2a,Gi,3.03,LZ 2,Bä,3.11,LZ of,Rak,3.22,LZ of,Schr,6.02,Mathe,San,2.02,E plu,Na,3.14
,E plu,Bau,3.15,TT 2,Ra,H3,CH,Pi,8.05,kuP2,Mus,7.09,,,,,,,,
Mi-8,,,,,,,,D,,Wi,3.11,,,,,,,,,
Mi-9,,,,,,,,D,,Wi,3.11,,,,,,,,,
Do-1,,,,,,,,,E5,Web,3.11,,,,,,,,,
Do-2,,,,,,,,,E5,Web,3.11,,,,,,,,,
Do-3,,,,L6A,Bm,3.03,L6B,Wan,3.23,F6A,Gh,3.22,F6B,Vs,7.07,,,,,
Do-4,,,,L6A,Bm,3.03,L6B,Wan,3.23,F6A,Gh,3.22,F6B,Vs,7.07,,,,,
Do-5,,,,,,,,,GeBil,Web,3.11,,,,,,,,,
Do-6,,,,,,,,,,,,,,,,,,,,
Do-7,,,,spJA,Sr,H1,spJB,Stü,H2,LZMA,Brb,3.03,LZMB,Wi,3.11,,,,,
Do-8,,,,,,,ER,Schr,1.03,KR,Na,3.11,,,,,,,,
Do-9,,,,,,,ER,Schr,1.03,KR,Na,3.11,,,,,,,,
Fr-1,,,,,,,,M,,San,3.11,,,,,,,,,
Fr-2,,,,,,,,M,,San,3.11,,,,,,,,,
Fr-3,,,,,,,,,CH,Pi,8.04,,,,,,,,,
Fr-4,,,,,,,,,CH,Pi,8.04,,,,,,,,,
Fr-5,,,,LZJA,Bm,3.03,LZJB,Gh,3.11,spMB,Bk,H3,spMA,Sad,H1,,,,,
Fr-6,,,,spJA,Sr,H1,spJB,Stü,H2,LZMA,Brb,3.03,LZMB,Wi,3.11,,,,,
Fr-7,,,,,,,,,,,,,,,,,,,,
Fr-8,,,,,,,,,,,,,,,,,,,,
Fr-9,,,,,,,,,,,,,,,,,,,,
,,,,,,,,Stundenplan21_22neu,,,,,,,,,,,,
Gymnasium Johanneum Ostbevern,,Stundenplan 2020/21,,,,,,,,,,,,,,,,Untis 2021,,
"D-48346, Loburg 15",,,,,,,,,,,,,,,,,,16.8.2021 14:51,,
,,,,,,,,,8c So/Kru,,,,,,,,,,,
Mo-1,,,,,,,,,KU,Bg,7.11,,,,,,,,,
Mo-2,,,,,,,,,KU,Bg,7.11,,,,,,,,,
Mo-3,,,,,,,,D,,Kru,3.22,,,,,,,,,
Mo-4,,,,,,,,D,,Kru,3.22,,,,,,,,,
Mo-5,,,,LZJA,Bm,3.03,LZJB,Gh,3.11,spMB,Bk,H2,spMA,Sad,H1,,,,,
Mo-6,,,,,,,,M,,So,3.22,,,,,,,,,
Mo-7,,,,,,,,,,,,,,,,,,,,
Mo-8,,,,,,,,,,,,,,,,,,,,
Mo-9,,,,,,,,,,,,,,,,,,,,
Di-1,,,,phMA,Ah,8.07,phMB,Me,8.09,spJA,Sr,H1,spJB,Stü,H2,,,,,
Di-2,,,,phMA,Ah,8.07,phMB,Me,8.09,spJA,Sr,H1,spJB,Stü,H2,,,,,
Di-3,,,,spMA,Sad,H1,spMB,Bk,H2,phJA,So,8.09,phJB,Fw,8.07,,,,,
Di-4,,,,spMA,Sad,H1,spMB,Bk,H2,phJA,So,8.09,phJB,Fw,8.07,,,,,
Di-5,,,,,,,,,EK,Wer,3.22,,,,,,,,,
Di-6,,,,,,,,,,,,,,,,,,,,
Di-7,Förde,X,LZ 1,Fm,3.03,LZ 1,Na,3.11,LZoff,Ker,3.22,Mathe,Ra,6.02,Deuts,Frö,3.13,Fplus,Bau,3.14
,Lplus,Bi,3.15,Progr,Ah,6.03,Schül,Her,SInf,Schul,Jun,3.27,,,,,,,,
Di-8,,,,L6A,Bm,3.03,L6B,Wan,3.23,F6A,Gh,3.22,F6B,Vs,7.07,,,,,
Di-9,,,,L6A,Bm,3.03,L6B,Wan,3.23,F6A,Gh,3.22,F6B,Vs,7.07,,,,,
Mi-1,,,,,,,,M,,So,3.22,,,,,,,,,
Mi-2,,,,,,,,M,,So,3.22,,,,,,,,,
Mi-3,,,,,,,,D,,Kru,3.22,,,,,,,,,
Mi-4,,,,,,,,,EK,Wer,3.22,,,,,,,,,
Mi-5,,,,,,,,,CH,Kna,8.04,,,,,,,,,
Mi-6,,,,,,,,,,,,,,,,,,,,
Mi-7,Förde,X,LZ 2a,Gi,3.03,LZ 2,Bä,3.11,LZ of,Rak,3.22,LZ of,Schr,6.02,Mathe,San,2.02,E plu,Na,3.14
,E plu,Bau,3.15,TT 2,Ra,H3,kuP2,Mus,7.09,chemi,Su,8.04,,,,,,,,
Mi-8,,,,,,,,,E5,Brb,3.22,,,,,,,,,
Mi-9,,,,,,,,,E5,Brb,3.22,,,,,,,,,
Do-1,,,,,,,,,E5,Brb,3.22,,,,,,,,,
Do-2,,,,,,,,,E5,Brb,3.22,,,,,,,,,
Do-3,,,,L6A,Bm,3.03,L6B,Wan,3.23,F6A,Gh,3.22,F6B,Vs,7.07,,,,,
Do-4,,,,L6A,Bm,3.03,L6B,Wan,3.23,F6A,Gh,3.22,F6B,Vs,7.07,,,,,
Do-5,,,,,,,,,CH,Kna,8.04,,,,,,,,,
Do-6,,,,,,,,,,,,,,,,,,,,
Do-7,,,,spJA,Sr,H1,spJB,Stü,H2,LZMA,Brb,3.03,LZMB,Wi,3.11,,,,,
Do-8,,,,,,,KR,San,3.22,ER,Schr,1.03,,,,,,,,
Do-9,,,,,,,KR,San,3.22,ER,Schr,1.03,,,,,,,,
Fr-1,,,,,,,,,GE,Gh,3.22,,,,,,,,,
Fr-2,,,,,,,,,GE,Gh,3.22,,,,,,,,,
Fr-3,,,,,,,,BI,,Al,8.1,,,,,,,,,
Fr-4,,,,,,,,BI,,Al,8.1,,,,,,,,,
Fr-5,,,,LZJA,Bm,3.03,LZJB,Gh,3.11,spMB,Bk,H3,spMA,Sad,H1,,,,,
Fr-6,,,,spJA,Sr,H1,spJB,Stü,H2,LZMA,Brb,3.03,LZMB,Wi,3.11,,,,,
Fr-7,,,,,,,,,,,,,,,,,,,,
Fr-8,,,,,,,,,,,,,,,,,,,,
Fr-9,,,,,,,,,,,,,,,,,,,,
,,,,,,,,Stundenplan21_22neu,,,,,,,,,,,,
Gymnasium Johanneum Ostbevern,,Stundenplan 2020/21,,,,,,,,,,,,,,,,Untis 2021,,
"D-48346, Loburg 15",,,,,,,,,,,,,,,,,,16.8.2021 14:51,,
,,,,,,,,,9a / Sp/De,,,,,,,,,,,
Mo-1,,,,,,,phJA,So,8.09,spMA,Pf,H3,,,,,,,,
Mo-2,,,,,,,phJA,So,8.09,spMA,Pf,H3,,,,,,,,
Mo-3,,,,,,,,,D,Wi,6.02,,,,,,,,,
Mo-4,,,,,,,,,D,Wi,6.02,,,,,,,,,
Mo-5,,,,,,,KR,Nae,6.02,ER,Fm,8.1,,,,,,,,
Mo-6,,,,,,,KR,Nae,6.02,ER,Fm,3.16,,,,,,,,
Mo-7,,,,,,,,,,,,,,,,,,,,
Mo-8,,,,,,,,,,,,,,,,,,,,
Mo-9,,,,,,,,,,,,,,,,,,,,
Di-1,,,,,,,,,EK,Al,6.02,,,,,,,,,
Di-2,,,,,,,,,EK,Al,6.02,,,,,,,,,
Di-3,,,,,,,,,E5,Sp,6.02,,,,,,,,,
Di-4,,,,,,,,,E5,Sp,6.02,,,,,,,,,
Di-5,,,,,,,,,M,Me,6.02,,,,,,,,,
Di-6,,,,,,,,,,,,,,,,,,,,
Di-7,Förde,X,LZ 1,Fm,3.03,LZ 1,Na,3.11,LZoff,Ker,3.22,Mathe,Ra,6.02,Deuts,Frö,3.13,Fplus,Bau,3.14
,Lplus,Bi,3.15,Progr,Ah,6.03,Schül,Her,SInf,Schul,Jun,3.27,,,,,,,,
Di-8,,,,,,,,,GE,De,6.02,,,,,,,,,
Di-9,,,,,,,,,BI,Sad,8.04,,,,,,,,,
Mi-1,,,,,,,,,BI,Sad,8.09,,,,,,,,,
Mi-2,,,L6A,Bi,6.02,L6B,KsK,3.06,F6C,Gh,3.14,F6A,Dre,3.15,F6B,Bau,3.13,,,
Mi-3,,,,,,,,,M,Me,6.02,,,,,,,,,
Mi-4,,,,,,,,,M,Me,6.02,,,,,,,,,
Mi-5,,,,,,,,,E5,Sp,6.02,,,,,,,,,
Mi-6,,,,,,,,,,,,,,,,,,,,
Mi-7,Förde,X,LZ 2a,Gi,3.03,LZ 2,Bä,3.11,LZ of,Rak,3.22,LZ of,Schr,6.02,Mathe,San,2.02,E plu,Na,3.14
,E plu,Bau,3.15,S8,Jun,1.03,F8,Dre,3.13,TT 2,Ra,H3,,,,,,,,
Mi-8,,,,,,,,,PK,De,6.02,,,,,,,,,
Mi-9,,,,,,,,,GE,De,7.07,,,,,,,,,
Do-1,,,,,,,,,D,Wi,6.02,,,,,,,,,
Do-2,,,,,,,,,PK,De,6.02,,,,,,,,,
Do-3,,Krea,Hm,6.03,Inf,Sli,6.04,NAT,Tp,8.05,S8,Jun,3.14,F8,Dre,3.13,Nat2,Kna,8.02,
Do-4,,Krea,Hm,6.03,Inf,Sli,6.04,NAT,Tp,8.05,S8,Jun,3.14,F8,Dre,3.13,Nat2,Kna,8.02,
Do-5,Förde,X,LZ 3,Kru,6.02,LZ 3,Wi,3.13,LZ of,Gi,3.14,LZ of,Vs,3.15,Mathe,Frö,3.04,Aulat,Sr,Aula
,Handl,Su,3.26,Lernc,Me,Beratu,,,,,,,,,,,,,,
Do-6,,,,,,,,,,,,,,,,,,,,
Do-7,Förde,X,LZ 4,Gi,6.02,LZ 4,Frö,3.13,Mplus,San,3.14,Lplus,Bm,3.07,Fplus,Bau,1.03,Entsp,Bg,Schlo
,Schac,Sche,3.15,Lernc,Eng,Beratu,,,,,,,,,,,,,,
Do-8,,,,,,,,,MU,Sp,MuRa,,,,,,,,,
Do-9,,,,,,,,,MU,Sp,MuRa,,,,,,,,,
Fr-1,,,,,,,phMA,Fi,8.07,spJA,Wan,H2,,,,,,,,
Fr-2,,,,,,,phMA,Fi,8.07,spJA,Wan,H2,,,,,,,,
Fr-3,,,L6A,Bi,6.02,L6B,KsK,2.04,F6C,Gh,3.14,F6A,Dre,3.15,F6B,Bau,3.13,,,
Fr-4,,,L6A,Bi,6.02,L6B,KsK,2.04,F6C,Gh,3.14,F6A,Dre,3.15,F6B,Bau,3.13,,,
Fr-5,,,,,,,,,CH,Pi,8.02,,,,,,,,,
Fr-6,,,,,,,,,CH,Pi,8.04,,,,,,,,,
Fr-7,,,,,,,,,,,,,,,,,,,,
Fr-8,,,,,,,,,,,,,,,,,,,,
Fr-9,,,,,,,,,,,,,,,,,,,,
,,,,,,,,,Stundenplan21_22neu,,,,,,,,,,,
Gymnasium Johanneum Ostbevern,,Stundenplan 2020/21,,,,,,,,,,,,,,,,Untis 2021,,
"D-48346, Loburg 15",,,,,,,,,,,,,,,,,,16.8.2021 14:51,,
,,,,,,,,,9b / EngSu,,,,,,,,,,,
Mo-1,,,,,,,,,PK,Sth,3.13,,,,,,,,,
Mo-2,,,,,,,,,PK,Sth,3.13,,,,,,,,,
Mo-3,,,,,,,,,M,San,3.13,,,,,,,,,
Mo-4,,,,,,,,,M,San,3.13,,,,,,,,,
Mo-5,,,,,,,ER,Fm,8.1,KRbil,Na,3.13,,,,,,,,
Mo-6,,,,,,,ER,Fm,3.16,KRbil,Na,3.13,,,,,,,,
Mo-7,,,,,,,,,,,,,,,,,,,,
Mo-8,,,,,,,,,,,,,,,,,,,,
Mo-9,,,,,,,,,,,,,,,,,,,,
Di-1,,,,,,,,,E5,Eng,3.13,,,,,,,,,
Di-2,,,,,,,,,E5,Eng,3.13,,,,,,,,,
Di-3,,,,,,,,,MU,Hm,MuRa,,,,,,,,,
Di-4,,,,,,,,,MU,Hm,MuRa,,,,,,,,,
Di-5,,,,,,,,,M,San,3.13,,,,,,,,,
Di-6,,,,,,,,,,,,,,,,,,,,
Di-7,Förde,X,LZ 1,Fm,3.03,LZ 1,Na,3.11,LZoff,Ker,3.22,Mathe,Ra,6.02,Deuts,Frö,3.13,Fplus,Bau,3.14
,Lplus,Bi,3.15,Progr,Ah,6.03,Schül,Her,SInf,Schul,Jun,3.27,,,,,,,,
Di-8,,,,,,,,,BI,Sad,8.04,,,,,,,,,
Di-9,,,,,,,,,GeBil,Bc,3.13,,,,,,,,,
Mi-1,,,,,,,,,E5,Eng,3.13,,,,,,,,,
Mi-2,,,L6A,Bi,6.02,L6B,KsK,3.06,F6C,Gh,3.14,F6A,Dre,3.15,F6B,Bau,3.13,,,
Mi-3,,,,,,,phJB,Fw,8.09,spMB,Blö,H3,,,,,,,,
Mi-4,,,,,,,phJB,Fw,8.09,spMB,Blö,H3,,,,,,,,
Mi-5,,,,,,,,,GeBil,Bc,3.13,,,,,,,,,
Mi-6,,,,,,,,,,,,,,,,,,,,
Mi-7,Förde,X,LZ 2a,Gi,3.03,LZ 2,Bä,3.11,LZ of,Rak,3.22,LZ of,Schr,6.02,Mathe,San,2.02,E plu,Na,3.14
,E plu,Bau,3.15,S8,Jun,1.03,F8,Dre,3.13,TT 2,Ra,H3,,,,,,,,
Mi-8,,,,,,,,,CH,Su,8.02,,,,,,,,,
Mi-9,,,,,,,,,CH,Su,8.02,,,,,,,,,
Do-1,,,,,,,,,D,St,3.13,,,,,,,,,
Do-2,,,,,,,,,D,St,3.13,,,,,,,,,
Do-3,,Krea,Hm,6.03,Inf,Sli,6.04,NAT,Tp,8.05,S8,Jun,3.14,F8,Dre,3.13,Nat2,Kna,8.02,
Do-4,,Krea,Hm,6.03,Inf,Sli,6.04,NAT,Tp,8.05,S8,Jun,3.14,F8,Dre,3.13,Nat2,Kna,8.02,
Do-5,Förde,X,LZ 3,Kru,6.02,LZ 3,Wi,3.13,LZ of,Gi,3.14,LZ of,Vs,3.15,Mathe,Frö,3.04,Aulat,Sr,Aula
,Handl,Su,3.26,Lernc,Me,Beratu,,,,,,,,,,,,,,
Do-6,,,,,,,,,,,,,,,,,,,,
Do-7,Förde,X,LZ 4,Gi,6.02,LZ 4,Frö,3.13,Mplus,San,3.14,Lplus,Bm,3.07,Fplus,Bau,1.03,Entsp,Bg,Schlo
,Schac,Sche,3.15,Lernc,Eng,Beratu,,,,,,,,,,,,,,
Do-8,,,,,,,phMB,Fi,8.07,spJB,Ra,H3,,,,,,,,
Do-9,,,,,,,phMB,Fi,8.07,spJB,Ra,H3,,,,,,,,
Fr-1,,,,,,,,,EKbil,Ho,3.13,,,,,,,,,
Fr-2,,,,,,,,,EKbil,Ho,3.13,,,,,,,,,
Fr-3,,,L6A,Bi,6.02,L6B,KsK,2.04,F6C,Gh,3.14,F6A,Dre,3.15,F6B,Bau,3.13,,,
Fr-4,,,L6A,Bi,6.02,L6B,KsK,2.04,F6C,Gh,3.14,F6A,Dre,3.15,F6B,Bau,3.13,,,
Fr-5,,,,,,,,,D,St,3.13,,,,,,,,,
Fr-6,,,,,,,,,BI,Sad,8.1,,,,,,,,,
Fr-7,,,,,,,,,,,,,,,,,,,,
Fr-8,,,,,,,,,,,,,,,,,,,,
Fr-9,,,,,,,,,,,,,,,,,,,,
,,,,,,,,,Stundenplan21_22neu,,,,,,,,,,,
Gymnasium Johanneum Ostbevern,,Stundenplan 2020/21,,,,,,,,,,,,,,,,Untis 2021,,
"D-48346, Loburg 15",,,,,,,,,,,,,,,,,,16.8.2021 14:51,,
,,,,,,,,9c / Wei/Sche,,,,,,,,,,,,
Mo-1,,,,,,,phJA,So,8.09,spMA,Pf,H3,,,,,,,,
Mo-2,,,,,,,phJA,So,8.09,spMA,Pf,H3,,,,,,,,
Mo-3,,,,,,,,,D,Schr,3.14,,,,,,,,,
Mo-4,,,,,,,,,D,Schr,3.14,,,,,,,,,
Mo-5,,,,,,,ER,Fm,8.1,KR,Flo,3.14,,,,,,,,
Mo-6,,,,,,,ER,Fm,3.16,KR,Flo,3.14,,,,,,,,
Mo-7,,,,,,,,,,,,,,,,,,,,
Mo-8,,,,,,,,,,,,,,,,,,,,
Mo-9,,,,,,,,,,,,,,,,,,,,
Di-1,,,,,,,,,CH,Nae,8.02,,,,,,,,,
Di-2,,,,,,,,,CH,Nae,8.02,,,,,,,,,
Di-3,,,,,,,,,M,Ah,3.14,,,,,,,,,
Di-4,,,,,,,,,M,Ah,3.14,,,,,,,,,
Di-5,,,,,,,,,PK,Wei,3.14,,,,,,,,,
Di-6,,,,,,,,,,,,,,,,,,,,
Di-7,Förde,X,LZ 1,Fm,3.03,LZ 1,Na,3.11,LZoff,Ker,3.22,Mathe,Ra,6.02,Deuts,Frö,3.13,Fplus,Bau,3.14
,Lplus,Bi,3.15,Progr,Ah,6.03,Schül,Her,SInf,Schul,Jun,3.27,,,,,,,,
Di-8,,,,,,,,,EK,Wer,3.14,,,,,,,,,
Di-9,,,,,,,,,EK,Wer,3.14,,,,,,,,,
Mi-1,,,,,,,,,M,Ah,3.14,,,,,,,,,
Mi-2,,,L6A,Bi,6.02,L6B,KsK,3.06,F6C,Gh,3.14,F6A,Dre,3.15,F6B,Bau,3.13,,,
Mi-3,,,,,,,,,E5,Wei,3.14,,,,,,,,,
Mi-4,,,,,,,,,E5,Wei,3.14,,,,,,,,,
Mi-5,,,,,,,,,D,Schr,3.14,,,,,,,,,
Mi-6,,,,,,,,,,,,,,,,,,,,
Mi-7,Förde,X,LZ 2a,Gi,3.03,LZ 2,Bä,3.11,LZ of,Rak,3.22,LZ of,Schr,6.02,Mathe,San,2.02,E plu,Na,3.14
,E plu,Bau,3.15,S8,Jun,1.03,F8,Dre,3.13,TT 2,Ra,H3,,,,,,,,
Mi-8,,,,,,,,,GE,Sche,3.14,,,,,,,,,
Mi-9,,,,,,,,,GE,Sche,3.14,,,,,,,,,
Do-1,,,,,,,,,MU,Frö,MuRa,,,,,,,,,
Do-2,,,,,,,,,MU,Frö,MuRa,,,,,,,,,
Do-3,,Krea,Hm,6.03,Inf,Sli,6.04,NAT,Tp,8.05,S8,Jun,3.14,F8,Dre,3.13,Nat2,Kna,8.02,
Do-4,,Krea,Hm,6.03,Inf,Sli,6.04,NAT,Tp,8.05,S8,Jun,3.14,F8,Dre,3.13,Nat2,Kna,8.02,
Do-5,Förde,X,LZ 3,Kru,6.02,LZ 3,Wi,3.13,LZ of,Gi,3.14,LZ of,Vs,3.15,Mathe,Frö,3.04,Aulat,Sr,Aula
,Handl,Su,3.26,Lernc,Me,Beratu,,,,,,,,,,,,,,
Do-6,,,,,,,,,,,,,,,,,,,,
Do-7,Förde,X,LZ 4,Gi,6.02,LZ 4,Frö,3.13,Mplus,San,3.14,Lplus,Bm,3.07,Fplus,Bau,1.03,Entsp,Bg,Schlo
,Schac,Sche,3.15,Lernc,Eng,Beratu,,,,,,,,,,,,,,
Do-8,,,,,,,,,BI,Al,8.04,,,,,,,,,
Do-9,,,,,,,,,BI,Al,8.04,,,,,,,,,
Fr-1,,,,,,,phMA,Fi,8.07,spJA,Wan,H2,,,,,,,,
Fr-2,,,,,,,phMA,Fi,8.07,spJA,Wan,H2,,,,,,,,
Fr-3,,,L6A,Bi,6.02,L6B,KsK,2.04,F6C,Gh,3.14,F6A,Dre,3.15,F6B,Bau,3.13,,,
Fr-4,,,L6A,Bi,6.02,L6B,KsK,2.04,F6C,Gh,3.14,F6A,Dre,3.15,F6B,Bau,3.13,,,
Fr-5,,,,,,,,,E5,Wei,3.14,,,,,,,,,
Fr-6,,,,,,,,,PK,Wei,3.14,,,,,,,,,
Fr-7,,,,,,,,,,,,,,,,,,,,
Fr-8,,,,,,,,,,,,,,,,,,,,
Fr-9,,,,,,,,,,,,,,,,,,,,
,,,,,,,,,Stundenplan21_22neu,,,,,,,,,,,
Gymnasium Johanneum Ostbevern,,Stundenplan 2020/21,,,,,,,,,,,,,,,,Untis 2021,,
"D-48346, Loburg 15",,,,,,,,,,,,,,,,,,16.8.2021 14:51,,
,,,,,,,,,9d/ Ra/Gh,,,,,,,,,,,
Mo-1,,,,,,,,,CH,Tp,8.04,,,,,,,,,
Mo-2,,,,,,,,,CH,Tp,8.04,,,,,,,,,
Mo-3,,,,,,,,,D,Wer,3.15,,,,,,,,,
Mo-4,,,,,,,,,D,Wer,3.15,,,,,,,,,
Mo-5,,,,,,,ER,Fm,8.1,KR,KsK,3.15,,,,,,,,
Mo-6,,,,,,,ER,Fm,3.16,KR,KsK,3.15,,,,,,,,
Mo-7,,,,,,,,,,,,,,,,,,,,
Mo-8,,,,,,,,,,,,,,,,,,,,
Mo-9,,,,,,,,,,,,,,,,,,,,
Di-1,,,,,,,,,PK,De,3.15,,,,,,,,,
Di-2,,,,,,,,,PK,De,3.15,,,,,,,,,
Di-3,,,,,,,,,BI,Al,8.02,,,,,,,,,
Di-4,,,,,,,,,BI,Al,8.02,,,,,,,,,
Di-5,,,,,,,,,E5,Dun,3.15,,,,,,,,,
Di-6,,,,,,,,,,,,,,,,,,,,
Di-7,Förde,X,LZ 1,Fm,3.03,LZ 1,Na,3.11,LZoff,Ker,3.22,Mathe,Ra,6.02,Deuts,Frö,3.13,Fplus,Bau,3.14
,Lplus,Bi,3.15,Progr,Ah,6.03,Schül,Her,SInf,Schul,Jun,3.27,,,,,,,,
Di-8,,,,,,,,,MU,Ku,MuRa,,,,,,,,,
Di-9,,,,,,,,,MU,Ku,MuRa,,,,,,,,,
Mi-1,,,,,,,,,D,Wer,3.15,,,,,,,,,
Mi-2,,,L6A,Bi,6.02,L6B,KsK,3.06,F6C,Gh,3.14,F6A,Dre,3.15,F6B,Bau,3.13,,,
Mi-3,,,,,,,phJB,Fw,8.09,spMB,Blö,H3,,,,,,,,
Mi-4,,,,,,,phJB,Fw,8.09,spMB,Blö,H3,,,,,,,,
Mi-5,,,,,,,,,M,Ra,3.15,,,,,,,,,
Mi-6,,,,,,,,,,,,,,,,,,,,
Mi-7,Förde,X,LZ 2a,Gi,3.03,LZ 2,Bä,3.11,LZ of,Rak,3.22,LZ of,Schr,6.02,Mathe,San,2.02,E plu,Na,3.14
,E plu,Bau,3.15,S8,Jun,1.03,F8,Dre,3.13,TT 2,Ra,H3,,,,,,,,
Mi-8,,,,,,,,EK,KlB,3.15,EK,Ho,,,,,,,,
Mi-9,,,,,,,,EK,KlB,3.15,EK,Ho,,,,,,,,
Do-1,,,,,,,,,GE,Gh,3.15,,,,,,,,,
Do-2,,,,,,,,,GE,Gh,3.15,,,,,,,,,
Do-3,,Krea,Hm,6.03,Inf,Sli,6.04,NAT,Tp,8.05,S8,Jun,3.14,F8,Dre,3.13,Nat2,Kna,8.02,
Do-4,,Krea,Hm,6.03,Inf,Sli,6.04,NAT,Tp,8.05,S8,Jun,3.14,F8,Dre,3.13,Nat2,Kna,8.02,
Do-5,Förde,X,LZ 3,Kru,6.02,LZ 3,Wi,3.13,LZ of,Gi,3.14,LZ of,Vs,3.15,Mathe,Frö,3.04,Aulat,Sr,Aula
,Handl,Su,3.26,Lernc,Me,Beratu,,,,,,,,,,,,,,
Do-6,,,,,,,,,,,,,,,,,,,,
Do-7,Förde,X,LZ 4,Gi,6.02,LZ 4,Frö,3.13,Mplus,San,3.14,Lplus,Bm,3.07,Fplus,Bau,1.03,Entsp,Bg,Schlo
,Schac,Sche,3.15,Lernc,Eng,Beratu,,,,,,,,,,,,,,
Do-8,,,,,,,phMB,Fi,8.07,spJB,Ra,H3,,,,,,,,
Do-9,,,,,,,phMB,Fi,8.07,spJB,Ra,H3,,,,,,,,
Fr-1,,,,,,,,,M,Ra,3.15,,,,,,,,,
Fr-2,,,,,,,,,M,Ra,3.15,,,,,,,,,
Fr-3,,,L6A,Bi,6.02,L6B,KsK,2.04,F6C,Gh,3.14,F6A,Dre,3.15,F6B,Bau,3.13,,,
Fr-4,,,L6A,Bi,6.02,L6B,KsK,2.04,F6C,Gh,3.14,F6A,Dre,3.15,F6B,Bau,3.13,,,
Fr-5,,,,,,,,,E5,Dun,3.15,,,,,,,,,
Fr-6,,,,,,,,,E5,Dun,3.15,,,,,,,,,
Fr-7,,,,,,,,,,,,,,,,,,,,
Fr-8,,,,,,,,,,,,,,,,,,,,
Fr-9,,,,,,,,,,,,,,,,,,,,
,,,,,,,,,Stundenplan21_22neu,,,,,,,,,,,
Gymnasium Johanneum Ostbevern,,,Stundenplan 2020/21,,,,,,,,,,,,,,,,Untis 2021,,
"D-48346, Loburg 15",,,,,,,,,,,,,,,,,,,16.8.2021 15:34,,
,,,,,,,,EF/Nae/Frö/Ku/Sli/Schr,,,,,,,,,,,,,
Mo-1,,,,bioC,Sad,8.05,phA,Fw,8.07,spA,Ra,H2,spE,Wan,H1,bioE,Pi,8.1,,,
Mo-2,,,,bioC,Sad,8.05,phA,Fw,8.07,spA,Ra,H2,spE,Wan,H1,bioE,Pi,8.1,,,
Mo-3,,,,laA,Bm,1.03,kuB,Ti,7.11,swC,Sche,6.01,InfA,Ah,6.03,spB,Stü,H1,,,
Mo-4,,,,laA,Bm,1.03,kuB,Ti,7.11,swC,Sche,6.01,InfA,Ah,6.03,spB,Stü,H1,,,
Mo-5,,,,mA,San,3.16,dB,Frö,1.03,eC,Bau,6.01,eD,Bc,3.07,mE,Kr,3.25,,,
Mo-6,,,,kuD,Rak,7.09,geC,Wi,1.04,bioA,Sad,8.1,bioB,Blö,8.02,swB,Wei,6.01,,,
Mo-7,,,,,,,,,,,,,,,,,,,,,
Mo-8,,,,muA,Frö,MuRa ekA,,Wer,7.08,bioD,Schö,8.05,phC,Stü,8.07,InfB,Sli,6.04,,,
Mo-9,,,,eA,Dun,3.16,krB,Bi,1.03,krC,KsK,6.01,mD,Sli,3.07,eE,Na,3.25,,,
Di-1,,,,kuD,Rak,7.09,geC,Wi,2.03,bioA,Sad,8.05,bioB,Blö,8.1,swB,Wei,6.05,,,
Di-2,,,,kuD,Rak,7.09,geC,Wi,2.03,bioA,Sad,8.05,bioB,Blö,8.1,swB,Wei,6.05,,,
Di-3,,,,krA,Nae,3.16,eB,Ul,1.03,mC,Th,6.01,dD,Eng,3.07,mE,Kr,3.25,,,
Di-4,,,,krA,Nae,3.16,eB,Ul,1.03,mC,Th,6.01,dD,Eng,3.07,mE,Kr,3.25,,,
Di-5,,,,dA,Mai,3.16,mB,Lac,1.03,krC,KsK,6.01,mD,Sli,3.07,erB,Schr,3.25,,,
Di-6,dVF1,Ker,3.25,mVF1,Th,3.07,mVF2,Lac,6.01,mVF3,Sli,1.03,mVF4,Me,3.16,mVF5,San,7.07,eVF1,Na,3.05
,eVF2,Bau,2.02,,,,,,,,,,,,,,,,,,
Di-7,,,,,,,,,,,,,,,,,,,,,
Di-8,,,,kuC,Bg,7.09,geD,Dre,1.03,spD,Sr,H1,S0A,Sun,6.01,geB,Dr,3.16,,,
Di-9,,,,kuC,Bg,7.09,geD,Dre,1.03,spD,Sr,H1,S0A,Sun,6.01,geB,Dr,3.16,,,
Mi-1,,,,muB,Sp,KaRa,ekD,KlB,7.07,swA,De,6.01,chA,Nae,8.04,chB,Su,8.02,,,
Mi-2,,,,muB,Sp,KaRa,ekD,KlB,7.07,swA,De,6.01,chA,Nae,8.04,chB,Su,8.02,,,
Mi-3,,,,eA,Dun,3.16,krB,Bi,1.03,dC,Ku,6.01,mD,Sli,3.07,dE,Ker,3.25,,,
Mi-4,,,,kuC,Bg,7.09,geD,Dre,1.03,spD,Sr,H2,S0A,Sun,6.01,geB,Dr,3.16,,,
Mi-5,,laB,Brb,1.03,fA,Gh,2.03,geA,Sth,3.25,ekC,Wer,7.08,swD,Dun,6.01,fB,Sat,3.16,,
Mi-6,dVF1,Ker,3.25,mVF1,Th,3.07,mVF2,Lac,6.01,mVF3,Sli,1.03,mVF4,Me,3.16,mVF5,San,7.07,eVF1,Na,3.05
,eVF2,Bau,3.03,,,,,,,,,,,,,,,,,,
Mi-7,,,,,,,,,,,,,,,,,,,,,
Mi-8,,s8,Kru,3.13,kuA,Mus,7.09,phB,So,8.09,spC,Stü,H2,S0B,Gi,3.16,ekB,Al,7.08,,
Mi-9,,,,bioC,Sad,8.05,phA,Fw,8.07,spA,Ra,H2,spE,Wan,H1,bioE,Pi,8.1,,,
Do-1,,s8,Kru,3.03,kuA,Mus,7.09,phB,So,8.09,spC,Stü,H1,S0B,Gi,3.16,ekB,Al,7.08,,
Do-2,,s8,Kru,3.03,kuA,Mus,7.09,phB,So,8.09,spC,Stü,H1,S0B,Gi,3.16,ekB,Al,7.08,,
Do-3,,mA,San,3.16,mB,Lac,1.03,eC,Bau,6.01,erA,Fm,3.07,krD,Flo,3.04,erB,Schr,3.25,,
Do-4,,mA,San,3.16,mB,Lac,1.03,erA,Fm,3.04,krD,Flo,3.07,eE,Na,3.25,eC,Bau,6.01,,
Do-5,,,,krA,Nae,3.16,eB,Ul,1.03,krC,KsK,6.01,eD,Bc,3.07,dE,Ker,3.25,,,
Do-6,,,,muB,Sp,KaRa,ekD,KlB,7.08,swA,De,6.01,chA,Nae,8.04,chB,Su,8.02,,,
Do-7,,,,,,,,,,,,,,,,,,,,,
Do-8,,laB,Brb,6.05,fA,Gh,2.03,geA,Sth,3.25,ekC,Wer,7.08,swD,Dun,6.01,fB,Sat,3.07,,
Do-9,,laB,Brb,6.05,fA,Gh,2.03,geA,Sth,3.25,ekC,Wer,7.08,swD,Dun,6.01,fB,Sat,3.07,,
Fr-1,,,,laA,Bm,1.03,kuB,Ti,7.09,swC,Sche,6.01,InfA,Ah,6.04,spB,Stü,H3,,,
Fr-2,,,,eA,Dun,3.16,krB,Bi,1.03,mC,Th,6.01,eD,Bc,3.07,dE,Ker,3.25,,,
Fr-3,,,,muA,Frö,MuRa ekA,,Wer,7.08,bioD,Schö,8.05,phC,Stü,8.07,InfB,Sli,6.03,,,
Fr-4,,,,muA,Frö,MuRa ekA,,Wer,7.08,bioD,Schö,8.05,phC,Stü,8.07,InfB,Sli,6.03,,,
Fr-5,,dA,Mai,3.16,dB,Frö,1.03,dC,Ku,6.01,erA,Fm,3.12,krD,Flo,3.07,erB,Schr,3.25,,
Fr-6,,,,,dA,Mai,3.16,dC,Ku,6.01,dD,Eng,3.07,eE,Na,3.25,,,,,
Fr-7,,,,,,,,,,,,,,,,,,,,,
Fr-8,,,,,,,,,,,,,,,,,,,,,
Fr-9,,,,,,,,S0B,Gi,1.03,S0A,Sun,3.16,,,,,,,,
,,,,,,,,,Stundenplan21_22neu,,,,,,,,,,,,
Gymnasium Johanneum Ostbevern,,,Stundenplan 2020/21,,,,,,,,,,,,,,,,Untis 2021,,
"D-48346, Loburg 15",,,,,,,,,,,,,,,,,,,16.8.2021 14:51,,
,,,,,,,Q1/Bä/Her/Ku/Ul/Dun/KNa/Me/Ra,,,,,,,,,,,,,,
Mo-1,dC,Sr,2.02,eC,Na,2.01,kuD,Rak,6.03,ekA,KlB,7.08,swB,Sche,7.07,krB,Bi,3.05,erA,Fm,2.04
Mo-2,dC,Sr,2.02,eC,Na,2.01,kuD,Rak,6.03,ekA,KlB,7.08,swB,Sche,7.07,krB,Bi,3.05,erA,Fm,2.04
Mo-3,,geA,Dr,2.03,geC,Her,2.02,krC,Nae,3.04,bioE,Schö,8.02,chA,Tp,8.04,spF,Th,H3,,
Mo-4,,geA,Dr,2.03,geC,Her,2.02,krC,Nae,3.04,bioE,Schö,8.02,chA,Tp,8.04,spF,Th,H3,,
Mo-5,DLK1,Bä,1.02,DLK2,Her,3.23,DLK3,Ku,3.22,ELK1,Ul,1.05,ELK2,Dun,7.07,MLK1,Kna,2.02,MLK2,Me,8.02
,MLK3,Ra,2.05,,,,,,,,,,,,,,,,,,
Mo-6,ELK3,Eng,1.02,ELK4,Bc,1.03,GE,Gh,2.03,EKLK1,Bo,7.08,EKLK2,Schö,1.05,SW/WI,Sth,6.05,BILK1,Su,8.05
,PHLK,Stü,8.07,,,,,,,,,,,,,,,,,,
Mo-7,,,,,,,,,,,,,,,,,,,,,
Mo-8,,geD,Wi,2.03,geB1,Web,2.01,geB2,Bc,2.02,mD,Fw,2.04,spE,Lü,H1,spC,Kr,H2,,
Mo-9,,,,,,,,S0A,Gi,1.02,S0B,Kru,7.07,,,,,,,,
Di-1,eB,Sp,3.07,la,KsK,3.14,f,Dre,3.03,ekB,Wer,7.08,krD,San,3.04,IFB,Sli,6.03,spD,Wan,H3
Di-2,eB,Sp,3.07,la,KsK,3.14,f,Dre,3.03,ekB,Wer,7.08,krD,San,3.04,IFB,Sli,6.03,spD,Wan,H3
Di-3,pr-e1,Bau,3.03,pr-bi,Pi,3.01,muB,Mai,KaRa kuC,,Gan,7.09,litB,KlB,Aula,swD,Sth,7.07,spA,Sr,H3
Di-4,dC,Sr,2.05,eC,Na,3.03,kuD,Rak,6.04,ekA,KlB,7.07,swB,Sche,6.05,krB,Bi,2.02,erA,Fm,3.04
Di-5,ELK3,Eng,8.1,ELK4,Bc,2.01,GE,Gh,3.12,EKLK1,Bo,7.08,EKLK2,Schö,3.04,SW/WI,Sth,MuRa BILK1,,Su,8.02
,PHLK,Stü,8.07,,,,,,,,,,,,,,,,,,
Di-6,ELK3,Eng,8.1,ELK4,Bc,2.01,GE,Gh,3.12,EKLK1,Bo,7.08,EKLK2,Schö,3.04,SW/WI,Sth,MuRa BILK1,,Su,8.02
,PHLK,Stü,8.07,,,,,,,,,,,,,,,,,,
Di-7,,,,,,,,,,,,,,,,,,,,,
Di-8,eA,Web,3.05,mA,Fo,3.04,mB,San,3.06,bioC,Blö,8.02,bioD,Tp,8.1,phA,Fi,8.09,IFA,Ah,6.03
Di-9,eA,Web,3.05,mA,Fo,3.04,mB,San,3.06,bioC,Blö,8.02,bioD,Tp,8.1,phA,Fi,8.09,IFA,Ah,6.03
Mi-1,DLK1,Bä,1.03,DLK2,Her,3.25,DLK3,Ku,2.05,ELK1,Ul,3.03,ELK2,Dun,3.04,MLK1,Kna,3.05,MLK2,Me,3.07
,MLK3,Ra,3.11,,,,,,,,,,,,,,,,,,
Mi-2,DLK1,Bä,1.03,DLK2,Her,3.25,DLK3,Ku,2.05,ELK1,Ul,3.03,ELK2,Dun,3.04,MLK1,Kna,3.05,MLK2,Me,3.07
,MLK3,Ra,3.11,,,,,,,,,,,,,,,,,,
Mi-3,ELK3,Eng,2.05,ELK4,Bc,3.01,GE,Gh,2.03,EKLK1,Bo,7.08,EKLK2,Schö,3.04,SW/WI,Sth,6.05,BILK1,Su,8.05
,PHLK,Stü,8.07,,,,,,,,,,,,,,,,,,
Mi-4,ELK3,Eng,2.05,ELK4,Bc,3.01,GE,Gh,2.03,EKLK1,Bo,7.08,EKLK2,Schö,3.04,SW/WI,Sth,6.05,BILK1,Su,8.05
,PHLK,Stü,8.07,,,,,,,,,,,,,,,,,,
Mi-5,dB,Frö,7.07,dD,Pf,3.23,eD,Wei,3.22,S8,Vs,3.04,S0A,Gi,3.05,S0B,Kru,3.06,mC,Ah,3.07
,bioA,Sad,8.02,,,,,,,,,,,,,,,,,,
Mi-6,swA,Sche,6.05,swC,Wei,2.04,krA,Bi,2.05,erB,Schr,3.01,bioB,Al,8.05,IFC,Fo,6.03,spB,Lü,H2
Mi-7,,,,,,,,,,,,,,,,,,,,,
Mi-8,,geA,Dr,2.03,geC,Her,1.03,krC,Nae,1.04,bioE,Schö,8.1,chA,Tp,8.04,spF,Th,H3,,
Mi-9,dA,Flo,3.04,muA,Hm,KaRa kuA,,Rak,6.03,kuB,Bg,7.11,litA,Eng,Aula,krE,Flo,3.05,phB,So,8.09
Do-1,pr-e1,Bau,3.05,pr-bi,Pi,8.02,muB,Mai,KaRa kuC,,Gan,7.11,litB,KlB,Aula,swD,Sth,6.05,spA,Sr,H3
Do-2,pr-e1,Bau,3.05,pr-bi,Pi,8.02,muB,Mai,KaRa kuC,,Gan,7.11,litB,KlB,Aula,swD,Sth,6.05,spA,Sr,H3
Do-3,,geD,Wi,2.03,geB1,Web,2.02,geB2,Bc,3.15,mD,Fw,2.05,spE,Lü,H1,spC,Kr,H2,,
Do-4,,geD,Wi,2.03,geB1,Web,2.02,geB2,Bc,3.15,mD,Fw,2.05,spE,Lü,H1,spC,Kr,H2,,
Do-5,swA,Sche,6.05,swC,Wei,3.06,krA,Bi,2.04,erB,Schr,3.01,bioB,Al,8.05,IFC,Fo,6.03,spB,Lü,H3
Do-6,swA,Sche,6.05,swC,Wei,3.06,krA,Bi,2.04,erB,Schr,3.01,bioB,Al,8.05,IFC,Fo,6.03,spB,Lü,H3
Do-7,,,,,,,,,,,,,,,,,,,,,
Do-8,dB,Frö,3.14,dD,Pf,3.15,eD,Wei,2.01,S8,Vs,2.02,S0A,Gi,2.04,S0B,Kru,6.02,mC,Ah,3.04
,bioA,Sad,8.05,,,,,,,,,,,,,,,,,,
Do-9,dB,Frö,3.14,dD,Pf,3.15,eD,Wei,2.01,S8,Vs,2.02,S0A,Gi,2.04,S0B,Kru,6.02,mC,Ah,3.04
,bioA,Sad,8.05,,,,,,,,,,,,,,,,,,
Fr-1,dA,Flo,2.05,muA,Hm,KaRa kuA,,Rak,6.03,kuB,Bg,7.11,litA,Eng,Aula,krE,Flo,6.02,phB,So,8.09
Fr-2,dA,Flo,2.05,muA,Hm,KaRa kuA,,Rak,6.03,kuB,Bg,7.11,litA,Eng,Aula,krE,Flo,6.02,phB,So,8.09
Fr-3,DLK1,Bä,1.05,DLK2,Her,2.02,DLK3,Ku,3.16,ELK1,Ul,3.22,ELK2,Dun,3.04,MLK1,Kna,3.05,MLK2,Me,3.06
,MLK3,Ra,3.07,,,,,,,,,,,,,,,,,,
Fr-4,DLK1,Bä,1.05,DLK2,Her,2.02,DLK3,Ku,3.16,ELK1,Ul,3.22,ELK2,Dun,3.04,MLK1,Kna,3.05,MLK2,Me,3.06
,MLK3,Ra,3.07,,,,,,,,,,,,,,,,,,
Fr-5,eA,Web,6.02,mA,Fo,3.04,mB,San,1.04,bioC,Blö,8.05,bioD,Tp,8.1,phA,Fi,8.04,IFA,Ah,6.03
Fr-6,eB,Sp,2.02,la,KsK,3.24,f,Dre,3.04,ekB,Wer,7.08,krD,San,3.05,IFB,Sli,6.03,spD,Wan,H3
Fr-7,,,,,,,,,,,,,,,,,,,,,
Fr-8,,,,,,,,,,,,,,,,,,,,,
Fr-9,,,,,,,,,,,,,,,,,,,,,
,,,,,,,,,Stundenplan21_22neu,,,,,,,,,,,,
Gymnasium Johanneum Ostbevern,,,Stundenplan 2020/21,,,,,,,,,,,,,,,,Untis 2021,,
"D-48346, Loburg 15",,,,,,,,,,,,,,,,,,,16.8.2021 14:51,,
,,,,,,,Q2/ Bk/Stg/Gi/Jun/Ti/Th/Kr,,,,,,,,,,,,,,
Mo-1,,erB,Schr,3.04,geA,Her,2.03,krE,Flo,1.03,mD,Ah,3.07,swA,Dun,6.05,swZk2,Wei,3.14,,
Mo-2,,erB,Schr,3.04,geA,Her,2.03,krE,Flo,1.03,mD,Ah,3.07,swA,Dun,6.05,swZk2,Wei,3.14,,
Mo-3,bioC,Pi,8.05,bioD,Su,8.1,dE,Sr,3.03,eA,Bau,3.07,IFB,Fo,6.04,krA,Fi,3.25,spC,Wan,H2
Mo-4,bioC,Pi,8.05,bioD,Su,8.1,dE,Sr,3.03,eA,Bau,3.07,IFB,Fo,6.04,krA,Fi,3.25,spC,Wan,H2
Mo-5,ELK4,St,3.01,ELK3,Wei,2.03,GE,Wi,3.12,EKLK1,Bo,7.08,EKLK2,Schö,3.04,EKLK3,Al,3.05,SW/WI,Sche,6.05
,BILK1,Pi,8.05,PHLK,Fw,8.07,,,,,,,,,,,,,,,
Mo-6,DLK1,Bk,2.05,DLK2,Stg,2.02,ELK2,Gi,3.23,ELK1,Jun,3.05,MLK1,Ti,3.25,MLK2,Th,3.07,MLK3,Kr,3.11
Mo-7,,,,,,,,,,,,,,,,,,,,,
Mo-8,,,,,,,,,,S0A,Kru,1.03,,,,,,,,,
Mo-9,,,,chB,Nae,8.02,mu,Hm,KaRa kuB,,Rak,7.09,spD,Stü,H2,spE,Lü,H1,,,
Di-1,DLK1,Bk,7.07,DLK2,Stg,1.05,ELK2,Gi,3.23,ELK1,Jun,3.05,MLK1,Ti,2.02,MLK2,Th,3.16,MLK3,Kr,3.22
Di-2,DLK1,Bk,7.07,DLK2,Stg,1.05,ELK2,Gi,3.23,ELK1,Jun,3.05,MLK1,Ti,2.02,MLK2,Th,3.16,MLK3,Kr,3.22
Di-3,bioA,Su,8.05,bioB,Tp,8.1,dB,Ku,1.02,ekB,Wer,7.08,erA,Schr,3.05,IFA,Sli,6.03,gezk3,Bc,2.03
Di-4,bioA,Su,8.05,bioB,Tp,8.1,dB,Ku,1.02,ekB,Wer,7.08,erA,Schr,3.05,IFA,Sli,6.03,gezk3,Bc,2.03
Di-5,dA,Fm,3.24,bioE,Tp,8.05,eD,St,2.04,geB1,Dr,2.03,geB2,Web,2.05,mB,Kna,8.09,swB,De,6.05
Di-6,dA,Fm,3.24,bioE,Tp,8.05,eD,St,2.04,geB1,Dr,2.03,geB2,Web,2.05,mB,Kna,8.09,swB,De,6.05
Di-7,,,,,,,,,,,,,,,,,,,,,
Di-8,ELK4,St,3.24,ELK3,Wei,3.15,GE,Wi,2.03,EKLK1,Bo,7.08,EKLK2,Schö,3.07,EKLK3,Al,2.02,SW/WI,Sche,6.05
,BILK1,Pi,8.05,PHLK,Fw,8.07,,,,,,,,,,,,,,,
Di-9,ELK4,St,3.24,ELK3,Wei,3.15,GE,Wi,2.03,EKLK1,Bo,7.08,EKLK2,Schö,3.07,EKLK3,Al,2.02,SW/WI,Sche,6.05
,BILK1,Pi,8.05,PHLK,Fw,8.07,,,,,,,,,,,,,,,
Mi-1,ELK4,St,3.24,ELK3,Wei,3.16,GE,Wi,2.03,EKLK1,Bo,7.08,EKLK2,Schö,2.01,EKLK3,Al,2.02,SW/WI,Sche,6.05
,BILK1,Pi,8.05,PHLK,Fw,8.07,,,,,,,,,,,,,,,
Mi-2,ELK4,St,3.24,ELK3,Wei,3.16,GE,Wi,2.03,EKLK1,Bo,7.08,EKLK2,Schö,2.01,EKLK3,Al,2.02,SW/WI,Sche,6.05
,BILK1,Pi,8.05,PHLK,Fw,8.07,,,,,,,,,,,,,,,
Mi-3,DLK1,Bk,3.11,DLK2,Stg,1.05,ELK2,Gi,1.04,ELK1,Jun,3.05,MLK1,Ti,3.03,MLK2,Th,2.02,MLK3,Kr,7.07
Mi-4,DLK1,Bk,3.11,DLK2,Stg,1.05,ELK2,Gi,1.04,ELK1,Jun,3.05,MLK1,Ti,3.03,MLK2,Th,2.02,MLK3,Kr,7.07
Mi-5,bioC,Pi,8.05,bioD,Su,8.1,dE,Sr,6.05,eA,Bau,2.02,IFB,Fo,6.04,krA,Fi,MuRa spC,,Wan,H3
Mi-6,ekA,KlB,7.08,fB,Vs,3.11,geC,Bc,2.03,krD,Fi,2.01,phC,So,8.07,spB,Wan,H1,geZk2,Wi,2.02
Mi-7,,,,,,,,,,,,,,,,,,,,,
Mi-8,,eB,Na,7.07,eC,Bä,3.04,kuA,Rak,7.11,spA,Bk,H1,geZk1,Gh,6.01,swZk3,Dun,2.02,,
Mi-9,chA,Kna,8.04,dD,Frö,3.25,fA,Dre,1.03,mA,Sli,2.03,S8,Gi,2.02,spF,Pf,H3,swC,Sth,6.05
,S0A,Kru,3.07,,,,,,,,,,,,,,,,,,
Do-1,bioA,Su,8.05,bioB,Tp,8.1,dB,Ku,1.03,ekB,Wer,6.01,erA,Schr,2.02,IFA,Sli,6.03,gezk3,Bc,2.03
Do-2,,erB,Schr,6.01,geA,Her,2.03,krE,Flo,2.02,mD,Ah,1.03,swA,Dun,7.07,swZk2,Wei,3.07,,
Do-3,dC,Ul,3.01,krB,KsK,1.04,krC,Bi,3.05,mC,So,2.01,phB,Me,8.09,phA,Stü,8.07,swZk1,Sth,6.05
Do-4,dC,Ul,3.01,krB,KsK,1.04,krC,Bi,3.05,mC,So,2.01,phB,Me,8.09,phA,Stü,8.07,swZk1,Sth,6.05
Do-5,,eB,Na,3.05,eC,Bä,3.22,kuA,Rak,7.11,spA,Bk,H2,geZk1,Gh,2.03,swZk3,Dun,2.02,,
Do-6,,eB,Na,3.05,eC,Bä,3.22,kuA,Rak,7.11,spA,Bk,H2,geZk1,Gh,2.03,swZk3,Dun,2.02,,
Do-7,,,,,,,,,,,,,,,,,,,,,
Do-8,,,,chB,Nae,8.02,mu,Hm,KaRa kuB,,Rak,7.09,spD,Stü,H2,spE,Lü,H1,,,
Do-9,,,,chB,Nae,8.02,mu,Hm,KaRa kuB,,Rak,7.09,spD,Stü,H2,spE,Lü,H1,,,
Fr-1,chA,Kna,8.04,dD,Frö,1.04,fA,Dre,7.07,mA,Sli,3.14,S8,Gi,2.02,spF,Pf,H1,swC,Sth,6.05
,S0A,Kru,3.05,,,,,,,,,,,,,,,,,,
Fr-2,chA,Kna,8.04,dD,Frö,1.04,fA,Dre,7.07,mA,Sli,3.14,S8,Gi,2.02,spF,Pf,H1,swC,Sth,6.05
,S0A,Kru,3.05,,,,,,,,,,,,,,,,,,
Fr-3,ekA,KlB,7.07,fB,Vs,3.11,geC,Bc,2.03,krD,Fi,1.03,phC,So,8.09,spB,Wan,H1,geZk2,Wi,3.25
Fr-4,ekA,KlB,7.07,fB,Vs,3.11,geC,Bc,2.03,krD,Fi,1.03,phC,So,8.09,spB,Wan,H1,geZk2,Wi,3.25
Fr-5,dC,Ul,7.07,krB,KsK,3.05,krC,Bi,2.02,mC,So,2.04,phB,Me,8.09,phA,Stü,8.07,swZk1,Sth,6.05
Fr-6,dA,Fm,1.02,bioE,Tp,8.05,eD,St,3.22,geB1,Dr,2.03,geB2,Web,7.07,mB,Kna,3.13,swB,De,6.05
Fr-7,,,,,,,,,,,,,,,,,,,,,
Fr-8,,,,,,,,,,,,,,,,,,,,,
Fr-9,,,,,,,,,,,,,,,,,,,,,
,,,,,,,,,Stundenplan21_22neu,,,,,,,,,,,,
